Title,URL
ByBit - Rekt,https://rekt.news/bybit-rekt/
Libra - Rugged,https://rekt.news/libra-rugged/
zkLend - Rekt,https://rekt.news/zklend-rekt/
State of Deception,https://rekt.news/state-of-deception/
Ionic Money - Rekt,https://rekt.news/ionic-money-rekt/
Pwnedbase,https://rekt.news/pwnedbase/
Blood on the Blockchain,https://rekt.news/blood-on-the-blockchain/
Poetic Justice,https://rekt.news/poetic-justice/
THORChain's Ice Age,https://rekt.news/thorchains-iceage/
Phemex - Rekt,https://rekt.news/phemex-rekt/
Trump Casino,https://rekt.news/trump-casino/
The Idols NFT - Rekt,https://rekt.news/theidolsnft-rekt/
Moby Trade - Rekt,https://rekt.news/mobytrade-rekt/
Unusual Money,https://rekt.news/unusual-money/
Orange Finance - Rekt,https://rekt.news/orange-finance-rekt/
Bad Math Homework,https://rekt.news/bad-math-homework/
Trapped Between Protocols,https://rekt.news/trapped-between-protocols/
Hyperliquidate,https://rekt.news/hyperliquidate/
Patently Absurd,https://rekt.news/patently-absurd/
Burning Bridges,https://rekt.news/burning-bridges/
GemPad - Rekt,https://rekt.news/gempad-rekt/
False Prophet,https://rekt.news/false-prophet/
Clober Dex - Rekt,https://rekt.news/cloberdex-rekt/
Hawkward Exit,https://rekt.news/hawkward-exit/
Paper Tiger,https://rekt.news/paper-tiger/
Pump.snuff,https://rekt.news/pump-snuff/
Locked Away,https://rekt.news/locked-away/
Slow Burn,https://rekt.news/slowburn/
Polter Finance,https://rekt.news/polter-finance-rekt/
In Murky Waters,https://rekt.news/in-murky-waters/
DeltaPrime - Rekt II,https://rekt.news/deltaprime-rekt2/
Under the Influence,https://rekt.news/under-the-influence/
M2 Exchange - Rekt,https://rekt.news/m2-exchange-rekt/
Crossing the Line,https://rekt.news/crossing-the-line/
Truth Terminal Gone Wild,https://rekt.news/truth-terminal-gone-wild/
Infiltrating Cosmos,https://rekt.news/infiltrating-cosmos/
Tapioca DAO - Rekt,https://rekt.news/tapioca-dao-rekt/
Radiant Capital - Rekt II,https://rekt.news/radiant-capital-rekt2/
Click and Beware,https://rekt.news/clickandbeware/
Surviving Digital Danger,https://rekt.news/surviving-digital-danger/
Eigenoops,https://rekt.news/eigenoops/
Digital Danger,https://rekt.news/digital-danger/
Bedrock - Rekt,https://rekt.news/bedrock-rekt/
Onyx Protocol - Rekt II,https://rekt.news/onyx-protocol-rekt2/
Banana Gun - Rekt,https://rekt.news/bananagun-rekt/
Shezmu - Rekt,https://rekt.news/shezmu-rekt/
BingX - Rekt,https://rekt.news/bingx-rekt/
DeltaPrime - Rekt,https://rekt.news/deltaprime-rekt/
Indodax - Rekt,https://rekt.news/indodax-rekt/
Bring Tigran Home,https://rekt.news/bring-tigran-home/
Penpie - Rekt,https://rekt.news/penpie-rekt/
Tales from the Chain - Decentralized Deceit,https://rekt.news/talesfromchain-deceit/
The Thin Line of Privacy,https://rekt.news/thin-line-privacy/
Whale Hunter's Payday,https://rekt.news/whale-hunters-payday/
Hedging Bets,https://rekt.news/hedging-bets/
Ronin Network - Rekt II,https://rekt.news/roninnetwork-rektII/
Astroport - Rekt,https://rekt.news/astroport-rekt/
Thanks Squarespace,https://rekt.news/thanks-squarespace/
The Humpy Dance,https://rekt.news/the-humpy-dance/
The Creeping Line,https://rekt.news/the-creeping-line/
ETHTrustFund - Rekt,https://rekt.news/ethtrustfund-rekt/
Rho Market - Rekt,https://rekt.news/rho-market-rekt/
WazirX - Rekt,https://rekt.news/wazirx-rekt/
LiFi/Jumper - Rekt,https://rekt.news/lifi-jumper-rekt/
Take the Money and Run,https://rekt.news/take-money-run/
Crypto's Achilles' Heel,https://rekt.news/cryptos-achillesheel/
Bittensor - Rekt,https://rekt.news/bittensor-rekt/
From White Hat to Gray Area,https://rekt.news/whitehat-grayarea/
Vulture Culture,https://rekt.news/vulture-culture/
Certik/Kraken - Rekt,https://rekt.news/certik-kraken-rekt/
Pharma Bro's Trump Card,https://rekt.news/pharma-bro/
Uwulend - Rekt,https://rekt.news/uwulend-rekt/
Velocore - Rekt,https://rekt.news/velocore-rekt/
DMM Bitcoin - Rekt,https://rekt.news/dmm-rekt/
Meme Mania,https://rekt.news/meme-mania/
Gala Games - Rekt,https://rekt.news/gala-games-rekt/
AlexLab - Rekt,https://rekt.news/alexlab-rekt/
Sonne Finance - Rekt,https://rekt.news/sonne-finance-rekt/
Crypto Under Siege,https://rekt.news/crypto-under-siege/
Gamestonk II - Dumb Money is Back,https://rekt.news/gamestonk2/
Pike Finance - Rekt,https://rekt.news/pike-rekt/
Growing Pains,https://rekt.news/growing-pains/
ZKasino - Rekt,https://rekt.news/zkasino-rekt/
Hedgey Finance - Rekt,https://rekt.news/hedgey-finance-rekt/
A Stable Future,https://rekt.news/stable-future/
Grand Base - REKT,https://rekt.news/grand-base/
PrismaFi - REKT,https://rekt.news/prismafi-rekt/
Munchables - REKT,https://rekt.news/munchables-rekt/
Curio - REKT,https://rekt.news/curio-rekt/
Super Sushi Samurai - REKT,https://rekt.news/sss-rekt/
Slerf - Rekt,https://rekt.news/slerf-rekt/
Sushi - Something Smells Fishy,https://rekt.news/sushiswap-somethingsmells-fishy/
Unizen - Rekt,https://rekt.news/unizen-rekt/
Woofi - Rekt,https://rekt.news/woo-rekt/
Seneca Protocol - REKT,https://rekt.news/seneca-protocol-rekt/
Aave - Communication Breakdown,https://rekt.news/communications-breakdown/
Abracadabra - REKT,https://rekt.news/abra-rekt/
Socket - REKT,https://rekt.news/socket-rekt/
Gensler's Grand Gaffe,https://rekt.news/etfgaffe/
Gamma Strategies - REKT,https://rekt.news/gamma-strategies-rekt/
Orbit Bridge - REKT,https://rekt.news/orbit-bridge-rekt/
Radiant Capital - REKT,https://rekt.news/radiant-capital-rekt/
Levana Protocol - REKT,https://rekt.news/levana-rekt/
Money for nothing?,https://rekt.news/moneyfornothing/
Ape Season Returns,https://rekt.news/ape-season-returns/
Hypr Network - REKT,https://rekt.news/hypr-network-rekt/
OKX DEX - REKT,https://rekt.news/okx-dex-rekt/
Plenty of Phish,https://rekt.news/plenty-of-phish/
KyberSwap - REKT,https://rekt.news/kyberswap-rekt/
"HECO Bridge, HTX - REKT",https://rekt.news/heco-htx-rekt/
Kronos Research - REKT,https://rekt.news/kronos-rekt/
dYdX - REKT,https://rekt.news/dydx-rekt/
Raft - REKT,https://rekt.news/raft-rekt/
Poloniex - REKT,https://rekt.news/poloniex-rekt/
RIP MEV Bot 2,https://rekt.news/ripmevbot2/
Onyx Protocol - REKT,https://rekt.news/onyx-protocol-rekt/
LastPass Users - REKT,https://rekt.news/lastpass-users-rekt/
Unibot - REKT,https://rekt.news/unibot-rekt/
Nightmare on FTM Street,https://rekt.news/nightmare-ftm/
Platypus Finance - REKT 2,https://rekt.news/platypus-rekt2/
Tangible - REKT,https://rekt.news/tangible-rekt/
"Lucky Star Currency, FSL - REKT",https://rekt.news/LSC-FSL-rekt/
Stars Arena - REKT,https://rekt.news/stars-arena-rekt/
Bulls Behind Bars,https://rekt.news/bulls-behind-bars/
HTX (Huobi) - REKT,https://rekt.news/htx-huobi-rekt/
Mixin Network - REKT,https://rekt.news/mixin-rekt/
Gone Phishing,https://rekt.news/gone-phishing/
Remitano - REKT,https://rekt.news/remitano-rekt/
CoinEx - REKT,https://rekt.news/coinex-rekt/
Cat and Mouse,https://rekt.news/cat-and-mouse/
Stake - REKT,https://rekt.news/stake-rekt/
Balancer - REKT,https://rekt.news/balancer-rekt/
Exactly Protocol - REKT,https://rekt.news/exactly-protocol-rekt/
Shibarium Bridge - REKT,https://rekt.news/shibarium-bridge-rekt/
RocketSwap - REKT,https://rekt.news/rocketswap-rekt/
Zunami Protocol - REKT,https://rekt.news/zunami-protocol-rekt/
Steadefi - REKT,https://rekt.news/steadefi-rekt/
BALD on Base - REKT,https://rekt.news/bald-rekt/
"Curve, Vyper - REKT",https://rekt.news/curve-vyper-rekt/
Kannagi Finance - REKT,https://rekt.news/kannagi-finance-rekt/
DeFiLabs - REKT,https://rekt.news/defilabs-rekt/
AlphaPo - REKT,https://rekt.news/alphapo-rekt/
EraLend - REKT,https://rekt.news/eralend-rekt/
Conic Finance - REKT,https://rekt.news/conic-finance-rekt/
Multichain - R3KT,https://rekt.news/multichain-r3kt/
Arkham Asylum,https://rekt.news/arkham-asylum/
Multichain - REKT 2,https://rekt.news/multichain-rekt2/
Poly Network - REKT 2,https://rekt.news/poly-network-rekt2/
TradFi Takeover,https://rekt.news/tradfi-takeover/
Midas Capital - REKT 2,https://rekt.news/midas-rekt2/
Atomic Wallet - REKT,https://rekt.news/atomic-wallet-rekt/
Atlantis Loans - REKT,https://rekt.news/atlantis-loans-rekt/
Sturdy Finance - REKT,https://rekt.news/sturdy-rekt/
Grudgematch - SEC vs The CEXs,https://rekt.news/grudgematch-sec/
Jimbo's Protocol - REKT,https://rekt.news/jimbo-rekt/
Tornado Cash Governance - REKT,https://rekt.news/tornado-gov-rekt/
Swaprum - REKT,https://rekt.news/swaprum-rekt/
Recover - Ledger's Latest L,https://rekt.news/ledger-recover/
Deus DAO - R3KT,https://rekt.news/deus-dao-r3kt/
Level Finance - REKT,https://rekt.news/level-finance-rekt/
Merlin DEX - REKT,https://rekt.news/merlin-dex-rekt/
Hundred Finance - REKT 2,https://rekt.news/hundred-rekt2/
Yearn - REKT 2,https://rekt.news/yearn2-rekt/
SushiSwap - REKT,https://rekt.news/sushi-yoink-rekt/
Safemoon - REKT,https://rekt.news/safemoon-rekt/
Kokomo Finance - REKT,https://rekt.news/kokomo-finance-rekt/
Meltdown,https://rekt.news/meltdown/
Euler Finance - REKT,https://rekt.news/euler-rekt/
Hedera - REKT,https://rekt.news/hedera-rekt/
Silvergate - REKT,https://rekt.news/silvergate-rekt/
Iron Bank vs Alpha Homora,https://rekt.news/iron-alpha/
Hope Finance - REKT,https://rekt.news/hope-finance-rekt/
Dexible - REKT,https://rekt.news/dexible-rekt/
Platypus Finance - REKT,https://rekt.news/platypus-finance-rekt/
dForce Network - REKT,https://rekt.news/dforce-network-rekt/
Orion Protocol - REKT,https://rekt.news/orion-protocol-rekt/
BonqDAO - REKT,https://rekt.news/bonq-rekt/
Midas Capital - REKT,https://rekt.news/midas-capital-rekt/
War On Code - rekt.news meets The Defiant,https://rekt.news/war-on-code/
Highly regrettable trading strategy,https://rekt.news/avi-arrested/
Raydium - REKT,https://rekt.news/raydium-rekt/
Lodestar Finance - REKT,https://rekt.news/lodestar-rekt/
Ankr & Helio - REKT,https://rekt.news/ankr-helio-rekt/
Euro's Last Stand,https://rekt.news/euro-last-stand/
SBF - MASK OFF,https://rekt.news/sbf-mask-off/
FTX - Yikes,https://rekt.news/ftx-yikes/
Deribit - REKT,https://rekt.news/deribit-rekt/
Skyward Finance - REKT,https://rekt.news/skyward-rekt/
Team Finance - REKT,https://rekt.news/teamfinance-rekt/
SBF - The Regulator,https://rekt.news/sbf-regulator/
Moola Market - REKT,https://rekt.news/moola-markets-rekt/
DAO Maker - Community Investigates,https://rekt.news/dao-maker-community-investigates/
Mango Markets - REKT,https://rekt.news/mango-markets-rekt/
TempleDAO - REKT,https://rekt.news/templedao-rekt/
Sushiswap's Grey area,https://rekt.news/sushiswap-grey-area/
Sovryn - REKT,https://rekt.news/sovryn-rekt/
BNB Bridge - REKT,https://rekt.news/bnb-bridge-rekt/
Transit Swap - REKT,https://rekt.news/transit-swap-rekt/
RIP MEV BOT,https://rekt.news/ripmevbot/
Wintermute - REKT 2,https://rekt.news/wintermute-rekt-2/
Window of Opportunity,https://rekt.news/window-of-opportunity/
Compound Errors,https://rekt.news/compound-errors/
Winds of Change,https://rekt.news/winds-of-change/
Acala Network - REKT,https://rekt.news/acala-network-rekt/
Curve Finance - REKT,https://rekt.news/curve-finance-rekt/
The Eye of the Storm,https://rekt.news/eye-of-the-storm/
An Un-SOL-ved Mystery,https://rekt.news/unsolved-mystery/
Nomad Bridge - REKT,https://rekt.news/nomad-rekt/
Nirvana Finance - REKT,https://rekt.news/nirvana-rekt/
Audius - REKT,https://rekt.news/audius-rekt/
Crema Finance - REKT,https://rekt.news/crema-finance-rekt/
Harmony Bridge - REKT,https://rekt.news/harmony-rekt/
3AC Contagion,https://rekt.news/three-arrows/
EthCC - De Tychey vs Touts,https://rekt.news/ethcc-detychey-vs-touts/
Bancor LP - REKT,https://rekt.news/bancor-lp-rekt/
Everyone - REKT,https://rekt.news/everyone-rekt/
Inverse Finance - REKT 2,https://rekt.news/inverse-rekt2/
Celsius - REKT,https://rekt.news/celsius-rekt/
Gym Network - REKT,https://rekt.news/gymnet-rekt/
Wintermute - REKT,https://rekt.news/wintermute-rekt/
Mirror Protocol - REKT,https://rekt.news/mirror-rekt/
"Blizz Finance, Venus Protocol - REKT",https://rekt.news/venus-blizz-rekt/
Luna - REKT,https://rekt.news/luna-rekt/
Fortress Protocol - REKT,https://rekt.news/fortress-rekt/
MM Finance - REKT,https://rekt.news/madmeerkat-finance-rekt/
Monkey Business,https://rekt.news/monkey-business/
Fei Rari - REKT 2,https://rekt.news/fei-rari-rekt/
Saddle Finance - REKT 2,https://rekt.news/saddle-finance-rekt2/
Deus DAO - REKT 2,https://rekt.news/deus-dao-rekt-2/
Big Phish,https://rekt.news/big-phish/
Beanstalk - REKT,https://rekt.news/beanstalk-rekt/
Elephant Money - REKT,https://rekt.news/elephant-money-rekt/
Inverse Finance - REKT,https://rekt.news/inverse-finance-rekt/
Voltage Finance - REKT,https://rekt.news/voltage-finance-rekt/
Ronin Network - REKT,https://rekt.news/ronin-rekt/
Revest Finance - REKT,https://rekt.news/revest-finance-rekt/
Cashio - REKT,https://rekt.news/cashio-rekt/
"Agave DAO, Hundred Finance - REKT",https://rekt.news/agave-hundred-rekt/
Deus DAO - REKT,https://rekt.news/deus-dao-rekt/
Treasure DAO - REKT,https://rekt.news/treasure-dao-rekt/
Airdrop Siren,https://rekt.news/airdrop-siren/
Cy-Ops,https://rekt.news/cy-ops/
Dego Finance - REKT,https://rekt.news/dego-finance-rekt/
Superfluid - REKT,https://rekt.news/superfluid-rekt/
Meter - REKT,https://rekt.news/meter-rekt/
Wormhole - REKT,https://rekt.news/wormhole-rekt/
Qubit Finance - REKT,https://rekt.news/qubit-rekt/
Sifu Scandal,https://rekt.news/sifu-scandal/
Crypto.com - REKT,https://rekt.news/cryptocom-rekt/
Airdrop Hunters II,https://rekt.news/airdrop-hunters2/
LCX - REKT,https://rekt.news/lcx-rekt/
Arbix Finance - REKT,https://rekt.news/arbix-rekt/
Visor Finance - REKT,https://rekt.news/visor-finance-rekt/
Bent Finance - REKT,https://rekt.news/bent-finance/
Grim Finance - REKT,https://rekt.news/grim-finance-rekt/
Vulcan Forged - REKT,https://rekt.news/vulcan-forged-rekt/
Ascendex - REKT,https://rekt.news/ascendex-rekt/
8ight Finance - REKT,https://rekt.news/8ight-finance-rekt/
Sushiswap Scandal,https://rekt.news/sushiswap-scandal/
BitMart - REKT,https://rekt.news/bitmart-rekt/
REKT:TV - Ape Tax,https://rekt.news/ape-tax-vid/
Badger - REKT,https://rekt.news/badger-rekt/
MonoX - REKT,https://rekt.news/monox-rekt/
Snowdog - REKT,https://rekt.news/snowdog-rekt/
Uniswap V3 LP - REKT,https://rekt.news/uniswap-v3-lp-rekt/
Airdrop Hunters,https://rekt.news/airdrop-hunters/
bZx - REKT,https://rekt.news/bzx-rekt/
Cream Finance - REKT 2,https://rekt.news/cream-rekt-2/
Indexed Finance - REKT,https://rekt.news/indexed-finance-rekt/
FTX - Terms & Commissions,https://rekt.news/ftx-terms-and-commissions/
Compound - REKT,https://rekt.news/compound-rekt/
Overcompensated,https://rekt.news/overcompensated/
Anniversary Auction,https://rekt.news/anniversary-auction/
One year of rekt.news,https://rekt.news/rekt-is-one/
Vee Finance - REKT,https://rekt.news/veefinance-rekt/
JayPegs Automart - REKT,https://rekt.news/jaypegs-automart-rekt/
Spotlight on Solana,https://rekt.news/spotlight-on-solana/
DAO Maker - REKT,https://rekt.news/daomaker-rekt/
Tomb Finance - REKT,https://rekt.news/tomb-finance-rekt/
Banksy Pranksy Scam,https://rekt.news/banksy-pranksy-scam/
Cream Finance - REKT,https://rekt.news/cream-rekt/
X-Token - REKT X2,https://rekt.news/xtoken-rekt-x2/
A Piece of Art,https://rekt.news/a-piece-of-art/
Punk Protocol - REKT,https://rekt.news/punkprotocol-rekt/
Poly Network - REKT,https://rekt.news/polynetwork-rekt/
Levyathan - REKT,https://rekt.news/levyathan-rekt/
Popsicle Finance - REKT,https://rekt.news/popsicle-rekt/
THORChain - REKT 2,https://rekt.news/thorchain-rekt2/
PancakeBunny - REKT 2,https://rekt.news/pancakebunny2-rekt/
THORChain - REKT,https://rekt.news/thorchain-rekt/
Bondly - REKT,https://rekt.news/bondly-rekt/
Anyswap - REKT,https://rekt.news/anyswap-rekt/
ChainSwap - REKT,https://rekt.news/chainswap-rekt/
Curve Wars,https://rekt.news/curve-wars/
Merlin Labs - R3KT,https://rekt.news/merlin3-rekt/
SafeDollar - REKT,https://rekt.news/safedollar-rekt/
StableMagnet - REKT,https://rekt.news/stablemagnet-rekt/
Eleven Finance - REKT,https://rekt.news/11-rekt/
Alchemix - REKT,https://rekt.news/alchemix-rekt/
Iron Finance - REKT,https://rekt.news/iron-finance-rekt/
Ultravolatile,https://rekt.news/ultravolatile/
Belt - REKT,https://rekt.news/belt-rekt/
BurgerSwap - REKT,https://rekt.news/burgerswap-rekt/
Merlin Labs - REKT 2,https://rekt.news/merlin2-rekt/
Merlin Labs - REKT,https://rekt.news/merlinlabs-rekt/
Autoshark - REKT,https://rekt.news/autoshark-rekt/
rekt:TV - Hopium Diaries - Dystopian Dreams,https://rekt.news/hopium-dd-vid/
Blood in the streets II,https://rekt.news/blood-in-the-streets-II/
PancakeBunny - REKT,https://rekt.news/pancakebunny-rekt/
bEarn - REKT,https://rekt.news/bearn-rekt/
FOMO on Meme Street II - Vitalik VS Shiba,https://rekt.news/fomo-on-meme-street2/
XToken - REKT,https://rekt.news/xtoken-rekt/
Rari Capital - REKT,https://rekt.news/rari-capital-rekt/
Value DeFi - REKT 3,https://rekt.news/value-rekt3/
Value DeFi - REKT 2,https://rekt.news/value-rekt2/
Big if TrueBit,https://rekt.news/big-if-truebit/
Spartan Protocol - REKT,https://rekt.news/spartan-rekt/
The Second Layer,https://rekt.news/the-second-layer/
Uranium Finance - REKT,https://rekt.news/uranium-rekt/
Shitcoins,https://rekt.news/shitcoins/
EasyFi - REKT,https://rekt.news/easyfi-rekt/
Flip a $COIN,https://rekt.news/flip-a-coin/
Fei - REKT,https://rekt.news/fei-rekt/
Force - REKT,https://rekt.news/force-rekt/
Time as Money,https://rekt.news/time-as-money/
Sheeple,https://rekt.news/sheeple/
Bitclout,https://rekt.news/bitclout/
Reef VS Alameda,https://rekt.news/reef-vs-alameda/
Roll - REKT,https://rekt.news/roll-rekt/
Whale Hunt - Big Data Protocol,https://rekt.news/whale-watching-bdp/
DODO - REKT,https://rekt.news/au-dodo-rekt/
Paid Network - REKT,https://rekt.news/paid-rekt/
Meerkat Finance - BSC - REKT,https://rekt.news/meerkat-finance-bsc-rekt/
Unreal Estate,https://rekt.news/unreal-estate/
Furucombo - REKT,https://rekt.news/furucombo-rekt/
FED - REKT,https://rekt.news/fed-rekt/
BSC - The Bridge to DeFi,https://rekt.news/bsc-the-bridge-to-defi/
NFT - Digital Art Enthusiast,https://rekt.news/nft-digital-art-enthusiast/
Alpha Finance - REKT,https://rekt.news/alpha-finance-rekt/
Under the Armor,https://rekt.news/under-the-armor/
Armor - rekt,https://rekt.news/armor-rekt/
The Big Combo (Growth DeFi - REKT),https://rekt.news/the-big-combo/
Yearn - REKT,https://rekt.news/yearn-rekt/
Return to the dark forest,https://rekt.news/return-to-the-dark-forest/
Hype and Hashmasks,https://rekt.news/hype-and-hashmasks/
FOMO on Meme Street,https://rekt.news/fomo-on-meme-street1/
Gamestonk,https://rekt.news/gamestonk/
Badgers digg sushi,https://rekt.news/badgers-digg-sushi/
Saddle Finance - REKT,https://rekt.news/saddle-finance-rekt/
The Whitepaper,https://rekt.news/the-whitepaper/
Blood in the streets,https://rekt.news/blood-in-the-streets/
Schr√∂dinger's Stolen NFT,https://rekt.news/schrodingers-stolen-nft/
yCredit the Ape,https://rekt.news/ycredit-the-ape/
Cover - REKT,https://rekt.news/cover-rekt/
Nexus Mutual - Hugh Speaks Out,https://rekt.news/nxm-hugh-speaks-out/
Ledger - REKT,https://rekt.news/ledger-rekt/
Warp Finance - REKT,https://rekt.news/warp-finance-rekt/
Deepfake - A Scam so Surreal,https://rekt.news/deepfake/
CeFi - REKT,https://rekt.news/cefi-rekt/
Stablecoins - The Empire Strikes Back,https://rekt.news/stable-coins-the-empire-strikes-back/
Ape Tax,https://rekt.news/ape-tax/
Compounder Finance - REKT,https://rekt.news/deathbed-confessions-c3pr/
Decentralised Monopoly,https://rekt.news/decentralised-monopoly/
SushiSwap Saved - 0xMaki Speaks Out,https://rekt.news/sushiswap-saved-0xmaki-speaks-out/
Coinbase & The Oracle,https://rekt.news/coinbase-the-oracle/
Pickle Finance - REKT,https://rekt.news/pickle-finance-rekt/
The Great Flash Loan,https://rekt.news/on-flash-loans/
Hack Epidemic (Origin Protocol - REKT),https://rekt.news/hack-epidemic/
Value DeFi - REKT,https://rekt.news/value-defi-rekt/
Akropolis - REKT,https://rekt.news/akropolis-rekt/
Infura - Issue of Consensus,https://rekt.news/infura-issue-of-consensus/
Politics and Prescience,https://rekt.news/politics-and-prescience/
Hopium Diaries - Dystopian Dreams,https://rekt.news/hopium-diaries-dystopian-dreams/
Harvest Finance - REKT,https://rekt.news/harvest-finance-rekt/
rekt:TV - SBF vs Julien Bouteloup,https://rekt.news/rekttv-sbf-vs-julien-bouteloup/
Uniswap Flop - Dharma Vote Stopped,https://rekt.news/uniswap-flop-dharma-vote-stopped/
The Return of Cronje,https://rekt.news/the-return-of-cronje/
Uniswap Swindle - Scammer Speaks Out,https://rekt.news/uniswap-swindle-scammer-speaks-out/
Whale Hunt - SBF & Blue Kirby,https://rekt.news/whale-hunt-sbf-blue-kirby/
The DeFi feast is over.,https://rekt.news/the-feast-of-defi-summer-is-over/
Winter Farming,https://rekt.news/winter-farming/
Eminence Refund - Do or DAI,https://rekt.news/eminence-refund-do-or-dai/
Eminence - Rekt in prod,https://rekt.news/eminence-rekt-in-prod/
Kucoin - REKT,https://rekt.news/epic-hack-homie/
$FEW gets REKT,https://rekt.news/few-gets-rekt/
The Crooked Swerve,https://rekt.news/the-crooked-swerve/
Hello World,https://rekt.news/helloworld/
